<?xml version="1.0"?>
<directory>
  <file name="TestECCrypto.java" icon_position="418,294"/>
  <file name="secp256r1.java" icon_position="128,294"/>
  <file name="secp160r1.java" icon_position="418,194"/>
  <file name="secp112r1.java" icon_position="128,194"/>
  <file name="Run.java" icon_position="423,78"/>
  <file name="NotOnMotherException.java" icon_position="131,78"/>
  <file name="NoCommonMotherException.java" icon_position="428,-38"/>
  <file name="InsecureCurveException.java" icon_position="129,-38"/>
  <file name="EllipticCurve.java" icon_position="418,-154"/>
  <file name="ECPoint.java" icon_position="128,-154"/>
  <file name="ECParameters.java" icon_position="418,-254"/>
  <file name="ECKey.java" icon_position="128,-254"/>
  <file name="ECCryptoSystem.java" icon_position="418,-354"/>
</directory>
